company_id,company_name,headline,url,date,snippet,full_summary
accelon-consulting-741d99,Accelon Consulting,AccelonConsulting| LinkedIn,https://www.linkedin.com/company/accelonconsulting,,"AccelonConsulting| 102,151 followers on LinkedIn.They’re particularly interested in professionals with backgrounds in Procurement or Supply Chain Advisory from leading consulting firms — Big Four, Kearney, Accenture, GEP, or similar global strategy groups.",
accelon-consulting-741d99,Accelon Consulting,Empowering Businesses with Smart Talent... |AccelonConsulting,https://www.accelonconsulting.com/,,"AccelonConsultingdelivers flexible, high-performing talent solutions through strategic models that help organizations innovate, scale, and achieve success.",
accelon-consulting-741d99,Accelon Consulting,Project/Program Manager V —AccelonConsulting· JobTailor,https://jobtailor.co/company/accelon-consulting/jobs/491245-project-program-manager-v,,"AccelonConsulting. Project/Program Manager V.Exceptional program management, stakeholder alignment, and communication skills. Comfort operating at senior levels while also diving into details when needed. Experience managing external consulting partners highly preferred.",
accelon-consulting-741d99,Accelon Consulting,"Software engineer -AccelonConsulting(Pune, Maharashtra)",https://labor24.in/software-engineer_pune-c278318/software-engineer_i3852451727,,"AccelonConsultingPune, Maharashtra, IN. Published 2026-02-25.Identify, track and solve application problemsraisedvia dedicated incident management tool. Progressive maintain and built knowledge base documentation for technical troubleshooting and best practices.",
accelon-consulting-741d99,Accelon Consulting,Hrconsultingservices company job offers in bangalore... - Trovit,"https://jobs.trovit.co.in/hr-consulting-services-company-jobs-in-bangalore,-karnataka",,"ACCELON PREMIERE CONSULTANTS Bangalore, Karnataka +1 Location.AccelonConsultingis a leading Staff Augmentation company, working with clients across the US, India, Canada, and LATAM. We have the capability to offer...",
accelon-consulting-741d99,Accelon Consulting,Accelon Consulting hiring Datacenter Technician (Mac ...,https://www.linkedin.com/jobs/view/datacenter-technician-mac-networking-at-accelon-consulting-4381690062,,5 days ago ·See whoAccelon Consultinghas hired for this role We are seeking a highly skilled Data Center Technician to support and maintain our Mac-based compute infrastructure and associated data center ...,
accelon-consulting-741d99,Accelon Consulting,"CTO Jobs, Employment | Indeed",https://www.indeed.com/q-CTO-jobs.html,,"2,956 CTO jobs available onIndeed.com. Apply to Chief Technology Officer, Director of Technology, Director of Information Technology and more!",
birchbox-f40bd7,Birchbox,"The rise and fall of Birchbox, the once-buzzy startup that was sold off twice in 2 years and has recently resumed shipping boxes",https://www.yahoo.com/news/rise-fall-birchbox-once-buzzy-124500471.html,2023-09-12T13:53:00+00:00,Add Yahoo as a preferred source to see more of our stories on Google. Birchbox was acquired 10 years after launch for just $45 million.Daniel Boczarski/Getty Images Birchbox pioneered the monthly beauty subscription box and was once valued at nearly $500 ...,
birchbox-f40bd7,Birchbox,Walgreens to launch in-store pilot with Birchbox,https://www.retail-week.com/health-and-beauty/walgreens-to-launch-in-store-pilot-with-birchbox/7030039.article,2018-10-04T00:00:00+00:00,US pharmacy giant Walgreens has acquired a minority stake in beauty subscription business Birchbox and will trial selling the beauty etailer's range in-store. Walgreens will launch a curated Birchbox shop on its ecommerce website and pilot selling the ...,
birchbox-f40bd7,Birchbox,Cash-strapped Birchbox raises $15m from investors,https://www.retaildive.com/news/cash-strapped-birchbox-raises-15m-from-investors/423768/,2016-08-03T00:00:00+00:00,"Beauty subscription retailer Birchbox has raised $15 million from current backers, Recode reports. The funding is coming in the form of a convertible note, a loan that morphs into an equity stake. The company also has access to a several-million dollar ...",
birchbox-f40bd7,Birchbox,Birchbox gets $15M from inside investors to stay afloat,https://mashable.com/article/birchbox-15-million-funding,2016-08-02T00:00:00+00:00,"The original subscription service needs a lifeline. Birchbox, the once-buzzy beauty startup, raised $15 million in additional funding from current investors in an effort to stave off a cash flow problem, Recode reported. The money is needed to shore up the ...",
birchbox-f40bd7,Birchbox,Birchbox grabs $60 million in Series B funding,https://www.retaildive.com/news/birchbox-grabs-60-million-in-series-b-funding/253935/,2014-04-22T00:00:00+00:00,"Subscription and e-commerce cosmetics retailer Birchbox has raised $60 million in Series B funding, the company announced this week. The company, which launched in 2010, will use the funds to invest in marketing efforts, its mobile app, and to expand its ...",
birchbox-f40bd7,Birchbox,Beauty startup Birchbox lands $60M in funding,https://www.cnet.com/tech/services-and-software/birchbox-closes-60-million-series-b-funding-round/,2014-04-21T15:12:00+00:00,Birchbox plans to use the funds to gain ground in the beauty industry and expand the reach of its sample-filled boxes. CNET contributor Don Reisinger is a technology columnist who has covered everything from HDTVs to computers to Flowbee Haircut Systems.,
birchbox-f40bd7,Birchbox,"BirchboxCompany Information -Funding, Investors, and More",https://www.seedtable.com/startups/Birchbox-MKB65M,,Fundingseries.FundingSeriesAnalysis. The companyBirchboxhasraiseda total of $11.9m infundingover 3 rounds. Key Insights:BirchboxSeriesA round: $10.5m.,
birchbox-f40bd7,Birchbox,"Birchbox-Funding, Financials, Valuation & Investors",https://www.crunchbase.com/organization/birchbox/company_financials,,"Their latestfundingwasraisedon Apr 20, 2020 from aSeriesD round.Birchboxisfundedby 25 investors. Walgreens Boots Alliance and Armentum Partners are the most recent investors.Birchboxhas acquired JolieBox on Sep 13, 2012.",
birchbox-f40bd7,Birchbox,TheBirchboxBusiness Model – How DoesBirchboxMake Money?,https://productmint.com/birchbox-business-model-how-does-birchbox-make-money/,,"Birchboxmakes money via subscription fees, sales from its store, as well as advertising and sales of aggregated data. Founded in 2010,Birchboxhasraisedover $97 million infunding.",
birchbox-f40bd7,Birchbox,Birchboxsells majority stake to longtime investor | Retail Dive,https://www.retaildive.com/news/birchbox-sells-majority-stake-to-longtime-investor/522642/,,"Since its launch in 2010,Birchboxhasraisednearly $90 million from investors and was once valued at nearly $500 million, according to Recode.After struggling toraisemorefunding,Birchboxpulled back plans for growth and underwent several rounds of layoffs.",
birchbox-f40bd7,Birchbox,BirchboxRaises$60M to Make Beauty Products Go Viral - WSJ,https://www.wsj.com/articles/BL-VCDB-14395,,"BirchboxInc. , a startup that delivers a monthly selection of beauty products to members for a fee, hasraised$60 million in a new round of venturefundingled by Viking Global Investors and joined by the company's earlier backers.",
birchbox-f40bd7,Birchbox,Birchbox - Wikipedia,https://en.wikipedia.org/wiki/Birchbox,,"January 16, 2026 -As of 2014, Birchbox was valued at $485 million. In October, it partnered with Soldsie to launch its first Instagram shop. The shop allows Instagram users interested in Birchbox products to purchase directly through Instagram by leaving a comment on a photo with the hashtag #birchboxcart.",
birchbox-f40bd7,Birchbox,How Birchbox’s Subscription Model Campaign revolutionized the beauty and grooming industry with its innovative subscription model. | Digital Marketing Consultant & Expert Akshat Singh Bisht,https://akshatsinghbisht.com/how-birchboxs-subscription-model-campaign-revolutionized-the-beauty-and-grooming-industry-with-its-innovative-subscription-model/,,"July 20, 2024 -Brand Collaborations: Finalized agreements with beauty brands for product sampling and cross-promotional opportunities. ... Objective: Generate excitement and awareness about Birchbox’s subscription service. Press Release: Issued a press release announcing the launch of Birchbox’s subscription model, highlighting its unique value proposition and key features.",
birchbox-f40bd7,Birchbox,Birchbox Launches Its First In-House Makeup Brand,https://www.prnewswire.com/news-releases/birchbox-launches-its-first-in-house-makeup-brand-300160457.html,,"June 28, 2018 -NEW YORK,Oct. 15, 2015/PRNewswire/ -- Birchbox, a leading beauty and grooming retailer, has expanded into product development with the launch of its debut brand, LOC (Love of Color), which was fully conceptualized and developed by Birchbox.",
birchbox-f40bd7,Birchbox,Birchbox Launches Athleisure-Inspired Brand Called ARROW,https://www.prnewswire.com/news-releases/birchbox-launches-athleisure-inspired-brand-called-arrow-300200704.html,,"June 29, 2018 -The beauty retailer's second in-house brand features makeup and skincare products designed to keep up with an active lifestyle ... NEW YORK,Jan. 7, 2016/PRNewswire/ -- Birchbox, a leading beauty and grooming retailer, has announced the launch ...",
birchbox-f40bd7,Birchbox,Birchbox News & Press Releases | PR Newswire,https://www.prnewswire.com/news/Birchbox/,,"Birchbox, a leading beauty and grooming retailer, has announced the launch of ARROW, its second in-house beauty brand. Inspired by the evolution of... Birchbox, a leading beauty and grooming retailer, has expanded into product development with the launch of its debut brand, LOC (Love of Color),...",
birchbox-f40bd7,Birchbox,How I Became the Director of Engineering at Birchbox - Becky Case Profile,https://www.cosmopolitan.com/career/a8647927/director-of-engineering-at-birchbox-becky-case-get-that-life/,,"August 26, 2022 -At that point [in 2011], I was a little burnt out from engineering. I had some money saved up, so I quit my job and took some time off. I decided to go to Australia for three weeks, but by the time I got back, I wanted to have a job lined up. I got lucky. I heard Birchbox had an open position and I was immediately like, I want that. ... I had been interviewing for three weeks [before I left], and Birchbox was the last interview on the list. The CTO was a woman and I was really impressed with her.",
birchbox-f40bd7,Birchbox,Careers | Birchbox,https://www.birchbox.com/about-careers,,Each and every day our team makes their own ideas come to life through products our customers love,
birchbox-f40bd7,Birchbox,Birchbox NYC Jobs + Careers | Built In NYC,https://www.builtinnyc.com/company/birchbox/jobs,,Explore jobs and careers at Birchbox in NYC. Birchbox is currently hiring for a range of positions.,
birchbox-f40bd7,Birchbox,Birchbox Careers and Employment | Indeed.com,https://www.indeed.com/cmp/Birchbox,,"Find out what works well at Birchbox from the people who know best. Get the inside scoop on jobs, salaries, top office locations, and CEO insights. Compare pay for popular roles and read about the team’s work-life balance. Uncover why Birchbox is the best company for you.",
birchbox-f40bd7,Birchbox,Interview Insider: How to Get Hired at Birchbox,https://www.cosmopolitan.com/career/interviews/a31888/interview-insider-birchbox-career-jobs/,,"October 9, 2014 -When customers aren't banging on your door for jobs, where do you recruit? We use a number of sources to find engineers and creative talent, includingLinkedIn, GitHub, Stack Overflow, StartUpers, Behance, Mediabistro, Dribbble, Krop, and Hired.",
cyberarrow-ee2f53,CyberArrow,CyberArrow grows regional presence by expanding operations in Saudi Arabia,https://www.msn.com/en-ae/news/featured/cyberarrow-grows-regional-presence-by-expanding-operations-in-saudi-arabia/ar-AA1yH5ps,2026-01-30T01:33:00+00:00,"CyberArrow, a global provider of Governance, Risk, and Compliance (GRC) solutions, is expanding its investments and operations in Saudi Arabia. This strategic move aligns with the company's commitment to supporting businesses across the Middle East ...",
cyberarrow-ee2f53,CyberArrow,CyberArrow and Mobily Announced a Strategic Partnership for CyberArrow's AI-Powered GRC at Black Hat 2023,https://www.businesswire.com/news/home/20231123032872/en/CyberArrow-and-Mobily-Announced-a-Strategic-Partnership-for-CyberArrow’s-AI-Powered-GRC-at-Black-Hat-2023,2023-11-23T04:41:00+00:00,"RIYADH, Saudi Arabia--(BUSINESS WIRE)--In a groundbreaking collaboration, Mobily, one of the largest telecom companies in Saudi Arabia, and CyberArrow, a leading UAE-based Compliance Automation Platform and Cyber Security Awareness Platform provider ...",
cyberarrow-ee2f53,CyberArrow,CyberArrow Selects AlJammaz Technologies to Become a Key Distributor in the Kingdom of Saudi Arabia,https://finance.yahoo.com/news/cyberarrow-selects-aljammaz-technologies-become-110500224.html,2023-11-12T23:59:00+00:00,"RIYADH, SAUDI ARABIA, Nov. 13, 2023 (GLOBE NEWSWIRE) -- CyberArrow, a prominent player in the field of cyber security and compliance, is making significant strides with its cutting-edge products, CyberArrow GRC and the CyberArrow Cyber Security Awareness ...",
cyberarrow-ee2f53,CyberArrow,CyberArrow Signs MoU with the UAE Cyber Security Council and Wins Award for State-of-the-Art Awareness Platform,https://finance.yahoo.com/news/cyberarrow-signs-mou-uae-cyber-050000514.html,2022-02-07T00:00:00+00:00,"Dubai, United Arab Emirates--(Newsfile Corp. - February 7, 2022) - Recently, the Memorandum of Understanding (MoU) has been signed between CyberArrow's Top Management and His Excellency Dr. Mohamed Hamad Al Kuwaiti, the Head of Cyber Security UAE during ...",
cyberarrow-ee2f53,CyberArrow,"CyberArrow - Products, Competitors, Financials, Employees, Headquarters Locations",https://www.cbinsights.com/company/cyberarrow,,CyberArrow's latest funding round isIncubator/Accelerator. ... Investors of CyberArrow include Microsoft for Startups Founders Hub.,
cyberarrow-ee2f53,CyberArrow,CyberArrow - Crunchbase Company Profile & Funding,https://www.crunchbase.com/organization/cyberarrow-7140,,"CyberArrow helps automate cybersecurity compliance, business continuity, and network security. ... AI Content may contain mistakes and is not legal, financial or investment advice.",
cyberarrow-ee2f53,CyberArrow,"CyberArrow - Cyber Security, Information Technology Company Profile, Funding Rounds and Investors - Bounce Watch",https://bouncewatch.com/explore/startup/cyberarrow,,"With the increasing importance of cybersecurity and compliance, CyberArrow positions itself as a company addressing a critical need in the market. As of now, there is no publicly available information regarding the last investment or the investors involved in CyberArrow.",
cyberarrow-ee2f53,CyberArrow,"CyberArrow 2025 Company Profile: Valuation, Funding & Investors | PitchBook",https://pitchbook.com/profiles/company/731653-39,,"Information on valuation, funding, cap tables, investors, and executives for CyberArrow. Use the PitchBook Platform to explore the full profile.",
cyberarrow-ee2f53,CyberArrow,"CyberArrow - 2025 Company Profile, Team & Competitors - Tracxn",https://tracxn.com/d/companies/cyberarrow/__wbGD6kSUkXfOVTiggIDkAGcu_PJWNiCPfqyRPDjDo1Y,,"June 9, 2025 -It operates as a Provider of cyber security and penetration testing services.CyberArrow has not raised any funding yet. The company has 4904 active competitors, including 143 funded and 422 that have exited.",
cyberarrow-ee2f53,CyberArrow,CyberArrowGRC demo | Book a free demo today,https://www.cyberarrow.io/free-demo/,,CyberArrowGRC allows you to automate your GRC Program while not being too complex to manage.CYBERARROWAWARENESS™. Build cyber instincts — prevent breaches before they ignite.,
cyberarrow-ee2f53,CyberArrow,CyberArrowSelects AlJammaz Technologies to Become a Key,https://www.globenewswire.com/news-release/2023/11/13/2778835/0/en/CyberArrow-Selects-AlJammaz-Technologies-to-Become-a-Key-Distributor-in-the-Kingdom-of-Saudi-Arabia.html,,"CyberArrowbrings a wealth of expertise to the region, building on a strong track record of successful collaborations with prominent organizations. To learn more aboutCyberArrow, visitCyberArrow.io or schedule a free demo. Social links.",
cyberarrow-ee2f53,CyberArrow,CyberArrowand G42 CloudAnnounceNew Partnership,https://finance.yahoo.com/news/cyberarrow-g42-cloud-announce-partnership-131300657.html,,This is a paid pressrelease. Contact the pressreleasedistributor directly with any inquiries. GlobeNewswire.CyberArrowand G42 CloudAnnounceNew Partnership.,
cyberarrow-ee2f53,CyberArrow,CyberArrowand MobilyAnnounceda Strategic... - MENA Newswire,https://menanewswire.com/cyberarrow-and-mobily-announced-a-strategic-partnership-for-cyberarrows-ai-powered-grc-at-black-hat-2023/,,"Theannouncementmade, solidifies Mobily as a strategic partner utilizingCyberArrow’s AI-Powered Governance, Risk, and Compliance (GRC) solution to enhance cyber security compliance in the region.",
cyberarrow-ee2f53,CyberArrow,CyberArrow& Mobily partner to strengthen... - GCC Business News,https://www.gccbusinessnews.com/cyberarrow-mobily-partner-to-strengthen-cybersecurity-compliance-in-saudi/,,"CyberArrow, a leading cyber security compliance automation provider based in Dubai, and Mobily, one of the largest telecommunications providers in Saudi Arabia, have partnered to enhance cyber security compliance and awareness for businesses in the region.",
cyberarrow-ee2f53,CyberArrow,Common types of socialengineeringattacks |CyberArrow,https://www.cyberarrow.io/blog/types-of-social-engineering-attacks/,,"In this blog, we'll explore the different types of socialengineeringattacks like phishing, vishing, baiting, and tailgating. And how to protect your business.",
cyberarrow-ee2f53,CyberArrow,Explore careers at CyberArrow,https://www.cyberarrow.io/careers/,,"December 16, 2024 -Explore careers at CyberArrow. Discover job openings, our culture, and join our innovative team dedicated to growth and technology.",
cyberarrow-ee2f53,CyberArrow,$91k-$245k Cyber Arrow Jobs (NOW HIRING) Oct 2025,https://www.ziprecruiter.com/Jobs/Cyber-Arrow,,Browse 5 CYBER ARROW jobs ($91k-$245k) from companies with openings that are hiring now. Find job postings near you and 1-click apply!,
cyberarrow-ee2f53,CyberArrow,"CyberArrow - Overview, News & Similar companies | ZoomInfo.com",https://www.zoominfo.com/c/cyberarrow/563816849,,"View CyberArrow (www.cyberarrow.io) location in United Arab Emirates , revenue, industry and description. Find related and similar companies as well as employees by title and much more.",
cyberarrow-ee2f53,CyberArrow,ControlPanelGRC vs.CyberArrowComparison,https://sourceforge.net/software/compare/ControlPanelGRC-vs-CyberArrow/,,"Compare ControlPanelGRC vs.CyberArrowusing this comparison chart. Compare price, features, and reviews of the software side-by-side to make the best choice for your business.",
cyberarrow-ee2f53,CyberArrow,CyberArrow| LinkedIn,https://ae.linkedin.com/company/cyberarrow,,"CyberArrowGRC is your top solution to stress-free enterprise compliance and Enterprise GRC needs. Theplatformis trusted by the world's biggest brands including but not limited to: Emirates Airlines, American Express, Bupa and others.",
cyberarrow-ee2f53,CyberArrow,"CyberArrow, from Dubai to the World. | Daily Digital Grind",https://dailydigitalgrind.com/cyberarrow-from-dubai-to-the-world/,,"CyberArrowwas built as a GRC automationplatformdesigned for the modern world, fast, smart, and simple to use. From ISO 27001 to SOC 2 and SOX compliance, ourplatformhelps companies stay compliant automatically, saving months of effort and thousands of dollars every year.",
edz-systems-c440b5,EDZ Systems,EDZSystems| LinkedIn,https://www.linkedin.com/company/edz-systems,,"EDZSystems(EDZ) provides Intelligent Global IT Solutions, a proprietary Intelligent Resource Management System (Intelligent RMS) and Strategic Consulting Services worldwide, helping companies to optimize their people, projects, matters, engagements and results.",
edz-systems-c440b5,EDZ Systems,Former DST execs launchEDZSystemstool to centralize law office data,https://www.startlandnews.com/2018/08/former-dst-execs-edz-systems/,,A quartet of former DST Systems executives who went on to launchEDZSystemsare hoping to streamline law offices’ operations with the help of their new software. The Overland Park-based startup recently released Intelligent RMS...,
edz-systems-c440b5,EDZ Systems,Working atEDZSystems| Glassdoor,"https://www.glassdoor.co.in/Overview/Working-at-EDZ-Systems-EI_IE1747195.11,22.htm",,"Got a burning question aboutEDZSystems? Just ask! On Glassdoor, you can share insights and advice anonymously withEDZSystemsemployees and get real answers from people on the inside.",
edz-systems-c440b5,EDZ Systems,EDZSystemsto unveil new law firm compensation management...,https://www.prweb.com/releases/edz-systems-to-unveil-new-law-firm-compensation-management-system-rouse-frets-white-goss-early-users-of-groundbreaking-module-891780450.html,,"EDZSystemswill soon offer clients a law firm compensation management system model through theEDZSystems' Intelligent Resource Management System, with law firm Rouse Frets White Goss acting as an early adopter of the product.",
edz-systems-c440b5,EDZ Systems,EDZSystems(Cybersecurity Business) 2025 Company... | PitchBook,https://pitchbook.com/profiles/company/693356-86,,"Information on acquisition,funding, investors, and executives forEDZSystems(Cybersecurity Business). Use the PitchBook Platform to explore the full profile.",
edz-systems-c440b5,EDZ Systems,EDZSystems(@EDZ_Systems) / Twitter,https://twitter.com/edz_systems,,EDZSystemsis a softwareproductand consulting services company. Proprietary softwareproductsinclude Intelligent RMS and MyIntelligentCare.,
edz-systems-c440b5,EDZ Systems,Rouse Frets Implements Intelligent RMS Software fromEDZSystems...,https://news.thomasnet.com/companystory/rouse-frets-implements-intelligent-rms-software-from-edz-systems-a-new-modern-erp-platform-40028969,,"EDZSystemsis a certified minority and woman-owned software solutions firm providing Software Development, Strategic Consulting and Staff Augmentation Services as well as proprietary softwareproducts.",
edz-systems-c440b5,EDZ Systems,Rouse Frets Implements Intelligent RMS Software fromEDZSystems...,https://www.prweb.com/releases/rouse_frets_implements_intelligent_rms_software_from_edz_systems_a_new_modern_erp_platform/prweb16551617.htm,,"“Rouse Frets selected Intelligent RMS as a strategicplatformto enable on-demand access to resource, client, and matter information, and quickly respond to new business opportunities.” said Elizabeth DeZeeuw, President and CEO ofEDZSystems.",
edz-systems-c440b5,EDZ Systems,EDZSystemsto Unveil New Law Firm Compensation Management...,https://techrseries.com/hrms/edz-systems-to-unveil-new-law-firm-compensation-management-system/,,"EDZSystemswill soon offer clients a law firm compensation management system model through theEDZSystems’ Intelligent Resource Management System, with law firm Rouse Frets White Goss acting as an early adopter of the product.",
elios-talent-8d87c0,Elios Talent,EliosTalent| LinkedIn,https://www.linkedin.com/company/eliostalent,,"Hiring techtalentshouldn't take months. Most companies are stuck choosing between two bad options: staffing agencies that flood your inbox with unvetted resumes, or consulting firms that charge premium rates for basic staffing work. We built a third option.",
elios-talent-8d87c0,Elios Talent,Elios- You have atalentproblem. We solve it.,https://eliostalent.com/,,"Eliosis your strategictalentpartner. You have atalentproblem, we solve it. We deliver the strategic partnership you'd expect from a consulting firm without paying for their bench. Consulting-grade quality. Staff-aug economics.",
elios-talent-8d87c0,Elios Talent,EliosTalentJobs | Recruit.net,https://www.recruit.net/company-elios-talent-jobs,,"EliosTalent( Mesquite TX ) +1 other locations. CT Technologist Top level Clinic team in all of Texas Monday - Friday schedule Monday - Thursday 8a - 5p Friday 8a - 3p Skills include Angios, Coronary calcium scores, PET scans Full time position Join.",
elios-talent-8d87c0,Elios Talent,"Data Engineer job atEliosTalentHouston, TX, US - lojaecuador.com.ec",https://lojaecuador.com.ec/library/job/data-engineer-at-elios-talent-houston-tx-VnF1SjFua2xDY3FTMnFySlBQMzNWeWpLekE9PQ==,,"MIM has been ranked a ""Best Places to Work in Money Management"" by Pensions &Investmentsfor four consecutive...",
elios-talent-8d87c0,Elios Talent,Jr. . NET Engineer (San Francisco) job atEliosTalent... - aihbaedu.in,https://aihbaedu.in/apply/job/jr-net-engineer-san-francisco-at-elios-talent-san-francisco-ca-ZytXU2UvQVRmYmZtSWE5cDFGalFvODkzT2c9PQ==,,"This range is provided byEliosTalent. Your actual pay will be based on your skills and experience talk with your recruiter to learn more. Base pay range. $75,000.00/yr - $90,000.00/yr. Direct message the job poster fromEliosTalent.",
elios-talent-8d87c0,Elios Talent,"Vice President of Hospice job atEliosTalentDallas, TX, US",https://demo.quickcreate.com.br/jobs/job/vice-president-of-hospice-at-elios-talent-dallas-tx-Tk9mbHI2WEpuT0xUOS95TWZxQjB6OUREZ2c9PQ==,,"Vice President of Hospice Job atEliosTalent, Dallas, TX. Tk9mbHI2WEpuT0xUOS95TWZxQjB6OUREZ2c9PQ==.EliosTalent.",
elios-talent-8d87c0,Elios Talent,Elios Talent hiring Data Engineer (Platform) in United States | LinkedIn,https://www.linkedin.com/jobs/view/4382435026,,Posted 2:37:13 PM. Data Engineer (Platform)6-Month Contract • $70-$95/hr • Fully Remote About the RoleWe are seeking a…See this and similar jobs on LinkedIn.,
elios-talent-8d87c0,Elios Talent,"Engineering manager, webplatform-EliosTalent(Mexico City)",https://empleo24.mx/engineering-manager/engineering-manager-web-platform_i3768465759,,"EliosTalentMexico City, Mexico City, MX. Publicado 2026-02-03.to lead themodernizationand strategic evolution of enterprise-scale, mission-critical systems. This role is ideal for a senior technical leader who thrives in complex environments, has deep expertise in.",
elios-talent-8d87c0,Elios Talent,Đánh giáEliosTalent| Đọc tất cả đánh giá của khách hàng... - Trustima,https://www.trustima.com.vn/review/eliostalent.com,,EliosTalentchưa nhận được đánh giá nào. Hãy là người đầu tiên chia sẻ trải nghiệm của bạn.,
elios-talent-8d87c0,Elios Talent,EliosTalent| The Org,https://theorg.com/org/elios-talent,,"Eliosis a technology-driven staffing firm that connects toptalentwith leading companies across healthcare, technology, finance, and legal industries. Backed by private equity and powered by an advanced AIplatform, we provide innovative...",
exatech-inc-bdbc75,ExaTech Inc,StartUp (TV series) - Wikipedia,https://en.wikipedia.org/wiki/StartUp_(TV_series),,"StartUp is an American crime drama televisionseriescreated by Ben Ketai that premiered on September 6, 2016 on Crackle. It stars Adam Brody, Martin Freeman, Edi Gathegi, Otmara Marrero, Ron Perlman, Mira Sorvino, and Addison Timlin. On November 15, 2017, it was renewed for a third season which was released on November 1, 2018.",
exatech-inc-bdbc75,ExaTech Inc,Investment Company Series and Class Information - SEC.gov,https://www.sec.gov/data-research/sec-markets-data/investment-company-series-class-information,,The Series and Class Report provides basic identification information for all active registeredinvestmentcompany series and classes have been issued IDs by the Commission.,
exatech-inc-bdbc75,ExaTech Inc,"What Is Series Funding A, B, and C? - Investopedia",https://www.investopedia.com/articles/personal-finance/102015/series-b-c-funding-what-it-all-means-and-how-it-works.asp,,"Nov 4, 2025 ·Series A, B, and Cfundingrounds are separate fundraising events businesses use to raise capital. Each round is named for the series of stock being issued.",
exatech-inc-bdbc75,ExaTech Inc,Is it a legitimate investment opportunity or a scam ...,https://consumer.ftc.gov/consumer-alerts/2023/07/it-legitimate-investment-opportunity-or-scam,,"Jul 20, 2023 ·When you hear about a can’t-missinvestmentopportunity your first reaction might be to jump right in. Don’t. But how do you tell the difference between a legitimateinvestment— and a scam?Investmentscams create the impression that you can ""make lots of money"" with ""little to no risk."" They often start on social media, online dating apps, or from an unexpected text, email, or call ...",
exatech-inc-bdbc75,ExaTech Inc,Investment Firms Deemed Winning Bidder to Become Exactech's ...,https://www.prnewswire.com/news-releases/investment-firms-deemed-winning-bidder-to-become-exactechs-new-owners-302398723.html,,"Mar 11, 2025 ·Moving Company Forward to Emerge from Restructuring in Coming Months Renewing Focus on Driving Future Growth and Innovation GAINESVILLE, Fla., March 11, 2025 /PRNewswire/ -- Exactech (or""the ...",
exatech-inc-bdbc75,ExaTech Inc,Press & News - XCath Media Coverage & Announcements,https://xcath.com/press.html,,"Latest press releases and media coverage about XCath's endovascular robotics innovations, clinical milestones, and industry recognition.",
exatech-inc-bdbc75,ExaTech Inc,Company Announcements – Latest Company Information – FT.com,https://markets.ft.com/data/announce,,"The latest company information, including net asset values, performance, holding & sectors weighting, changes in voting rights, and directors and dealings.",
exatech-inc-bdbc75,ExaTech Inc,"Understanding Announcement Dates: Definitions, Processes, and ...",https://www.investopedia.com/terms/a/announcement-date.asp,,"Dec 12, 2025 ·Explore the importance ofannouncementdates for companies and government agencies, including their impact on shareholders, financial markets, and economic policies.",
exatech-inc-bdbc75,ExaTech Inc,"Esperion Home | Esperion Therapeutics, Inc.",https://www.esperion.com/news-releases/news-release-details/us-fda-approves-broad-new-labels-nexletolr-and-nexlizetr-prevent,,"Esperion Home | Esperion Therapeutics,Inc.",
exatech-inc-bdbc75,ExaTech Inc,Kroll Restructuring Administration,https://restructuring.ra.kroll.com/Exactech/Home-Index,,"Oct 29, 2024 ·Case Background On October 29, 2024, Exactech,Inc. and 4 affiliated debtors (collectively, the ""Debtors"") each filed a voluntary petition for relief under Chapter 11 of the United States Bankruptcy Code in the United States Bankruptcy Court for the District of Delaware. The cases are pending before the Honorable Laurie Selber Silverstein and are jointly administered under Case No. 24-12441.",
exatech-inc-bdbc75,ExaTech Inc,ExaTech Inc hiring Implementation Consultant in United States ...,https://www.linkedin.com/jobs/view/implementation-consultant-at-exatech-inc-4383306934,,2 days ago ·Referrals increase your chances of interviewing atExaTech Incby 2x Get notified about new Implementation Consultant jobs in United States.,
exatech-inc-bdbc75,ExaTech Inc,Implementation Consultant - Exatech Inc - Remote | Dice.com,https://www.dice.com/job-detail/0c00bb19-2298-4a84-821b-543230c13d18,,"Exatech Inc, Inc is a Global Information Technology Services company providing a full spectrum of IT Services in the Latin American marketplace with focus on efficient outsourcing solutions. We offer superior expertise in consulting for e-Business, application engineering, Business Intelligence and Business Process Outsourcing using Onsite, Offsite and Off-Shore resources. Headquartered in ...",
exatech-inc-bdbc75,ExaTech Inc,Exeter Finance | Careers - Join our team,https://www.exeterfinance.com/careers,,Voted one of America's best midsize employers! Join a collaborativeteamwhere your ideas are valued and where you have an opportunity to make an impact every day. Explore opportunities and find the role that’s perfect for you.,
exatech-inc-bdbc75,ExaTech Inc,"CTO Jobs, Employment | Indeed",https://www.indeed.com/q-CTO-jobs.html,,"2,956 CTO jobs available onIndeed.com. Apply to Chief Technology Officer, Director of Technology, Director of Information Technology and more!",
exatech-inc-bdbc75,ExaTech Inc,The Three Seats Of Engineering Leadership - Forbes,https://www.forbes.com/sites/forbestechcouncil/2018/01/16/the-three-seats-of-engineering-leadership/,,"Jan 16, 2018 ·• The CTO does not want to manage people directly anymore and wants to continue focusing on the technical vision. • Members of the engineeringteamare feeling left out regarding direction ...",
exatech-inc-bdbc75,ExaTech Inc,ExaTechInc| LinkedIn,https://www.linkedin.com/company/exatech-inc,,"ExaTech- Solutions with competence and innovation | Welcome toExatech– Your Trusted Partner in Staffing Solutions! AtExatech, we are dedicated to addressing both IT and non-IT requirements, specializing in niche areas with the best of the solutions.",
exatech-inc-bdbc75,ExaTech Inc,Our Staff –ExaTechInc,https://exatechinc.com/our-staff/,,"AtExaTechInc, we specialize in placing highly skilled professionals across diverse technical, professional, and scientific domains, empowered by AI-driven talent analytics and human judgment.",
exatech-inc-bdbc75,ExaTech Inc,"Python Developer -ExatechInc- Nyc, NY | Dice.com",https://www.dice.com/jobs/detail/f1b866f70f27a178ce30dc1909449893,,Python Developer.ExatechInc. Elevate your job application by verifying your proficiency in .,
exatech-inc-bdbc75,ExaTech Inc,"ExatechIncInc company overview, insights, and reviews | Lensa",https://lensa.com/exatech-inc-inc/jobs/c/c5ca3762a202c8537651ec8684f73c103d7a107a,,"Get insight intoExatechIncInc! Dive deep into company history, current jobs, hiring trends, demographics, and company reviews.",
exatech-inc-bdbc75,ExaTech Inc,Java Technical Architect with 15 - 17 Years of Experience atExaTech...,https://www.foundit.in/job/java-technical-architect-exatech-inc-coimbatore-46935795,,"This is fulltime role withExatechInc. Java Technical Architect in Coimbatore/Vizag Also Onsite Role, 5 Days Work from Office. So look for Locals or Nearby Profiles Only. Technical Architect should have 15+ years of experience.",
groupa-eaebb3,GroupA,KAST Announces $80M Series A,https://www.kast.xyz/blog/kast-announces-80m-series-a,,"2 days ago ·KAST raises $80MSeriesA to expand its stablecoin platform, grow the team, and invest in product, licensing, and compliance.",
groupa-eaebb3,GroupA,Series Mastery: Your Actionable Guide to a Series A Round,https://www.gritt.io/blog/series-a-round,,"Jan 14, 2026 ·Master theseriesa round with practical metrics, term sheet insights, and investor tactics to secure essential funding for your startup.",
groupa-eaebb3,GroupA,What is a Series A Funding Round and Its Importance,http://growett.com/blogs/What-is-a-Series-A-Funding-Round-and-Its-Importance.html,,"SeriesA funding is the first significant round of venture capital financing for a startup. Typically occurring after seed funding, it marks a transition from the initial stages of development to a more structured approach to business growth.",
groupa-eaebb3,GroupA,"What Is Series Funding A, B, and C? - Investopedia",https://www.investopedia.com/articles/personal-finance/102015/series-b-c-funding-what-it-all-means-and-how-it-works.asp,,"Nov 4, 2025 ·SeriesA, B, and C funding rounds are separate fundraising events businesses use to raise capital. Each round is named for theseriesof stock being issued.",
groupa-eaebb3,GroupA,Series A Funding: Ultimate Guide to Raising your Series A ...,https://business-plans.com/blog/series-a-funding-ultimate-guide-to-raising-your-series-a-round/,,"1 day ago ·SeriesA investors, unlike earlier seed funding investors, are commonly of the institutional type like venture capitalists or to a lesser extent private equity firms, although certain angel investors may also show interest in your pitch deck once you start putting your name out there.",
groupa-eaebb3,GroupA,How to Write a Press Release Announcing a New Product Launch,https://www.ereleases.com/press-release-sample/how-to-write-press-release-announcing-new-product-launch/,,"November 7, 2023 -Before jumping right into crafting an effective press release to announce the launch of your product it is crucial to understand its components. So what is a press release? Press releases are written communications distributed to journalists and other relevant individuals or groups with the intent of informing them about an upcoming event, development or announcement related to your organization.",
groupa-eaebb3,GroupA,Product Launch Email Examples For A Successful New Release | Unlayer,https://unlayer.com/blog/product-launch-email-examples,,"Adding to your sequence of teaser emails, you have feature announcement emails. Revealing different product features in a single email or series of emails to keep your audience on the edge of their seats. Pre-launch access or promotional emails are a way to launch your product for a particular group ...",
groupa-eaebb3,GroupA,New Product Announcement Guide | High Alpha,https://www.highalpha.com/resources/new-product-announcement,,"With a new product announcement the entire company is on display, and it is worthwhile to view this as an opportunity to ‘sell’ the entire company to the consumer, and with SAAS win back consumers who’s use of company has lapsed. Just as a new product launch introduces a product to the world, a company or brand launch press release ...",
groupa-eaebb3,GroupA,The 984 Best Product Launch Email Examples & Designs in 2026 | Really Good Emails,https://reallygoodemails.com/categories/product-launch,,"For visual storytelling that makes every message count, use new product launch email templates for everything from teaser emails and launch announcements to limited-time offers and event invites. The best product launch emails use bold messaging and clear visuals to tell a compelling story, whether you’re offering early access or announcing a fresh release.",
groupa-eaebb3,GroupA,A Product Release Framework to Keep Everyone Calm,https://productmarketer.substack.com/p/a-product-release-framework-to-keep,,"February 5, 2026 -Use a product release framework that separates your GA (when the product goes live) from your launch announcement by 4 weeks- giving you time to learn from real usage, reduce stress from slipping deadlines, and get full team engagement on GTM.",
groupa-eaebb3,GroupA,Virtual CTO Services | Hire Expert CTO on Demand,https://ctoondemand.com/,,"Hire experienced chief technology officers on-demand for strategic tech leadership, software development oversight, and engineering team management. Get expert CTO consulting services to accelerate your business growth.",
groupa-eaebb3,GroupA,How to Scale Your Engineering Team After Series A | KORE1,https://www.kore1.com/scale-engineering-team-series-a-startup-guide/,,3 weeks ago -That’s usually around 20+ engineers for most companies. ... Later than you think.The CTO or technical co-founder should handle management until the team reaches about 12 to 15 people.,
groupa-eaebb3,GroupA,11 Best Freelance CTOs for Hire in October 2025 | Toptal®,https://www.toptal.com/cto,,"July 29, 2025 -The CTO changed the team’s structure, ... to engineering. Additionally, the CTO introduced Agile methodologies to streamline development processes. These changes facilitated communication and collaboration and focused the team more on achieving milestones, enabling the startup to enhance product quality and productivity and, ultimately, increase its customer base. An established financial services company faced major security challenges after a data exposure incident. They decided to hire a CISO, who ...",
groupa-eaebb3,GroupA,How to Hire a CTO,https://www.khoslaventures.com/posts/how-to-hire-a-cto,,"During the growth stage this individual ... form of engineering headcount. Across all stages your CTO may be the difference in the race to deploy effective AI for your customers or a successful hardware launch. And like any executive they should make everyone else better at their jobs. Your CTO will also set the culture of your product development org for years to come. This might be the largest long-term impact a CTO makes. As you grow, their hires hire their own team members and ...",
groupa-eaebb3,GroupA,"How to Hire a CTO in 2025: Cost, Tips and Hiring Roadmap",https://www.cleveroad.com/blog/how-to-hire-a-cto-for-a-startup/,,"March 19, 2025 -In this guide, learn about all aspects of hiring a CTO, including how to evaluate specialist expertise, costs, essential skills and step-by-step hiring roadmap",
groupa-eaebb3,GroupA,RELEX Solutions Expands AI-Driven Supply Chain Platform Across Ingram Content Group Network - TipRanks.com,https://www.tipranks.com/news/private-companies/relex-solutions-expands-ai-driven-supply-chain-platform-across-ingram-content-group-network,,"2 weeks ago -RELEX Solutions has secured a significant expansion of its AI-native retail and supply chain planning platform with Ingram Content Group, extending its technology to support forecasting, capacity optimization, vendor-managed inventory, and ...",
groupa-eaebb3,GroupA,Cloud Data Platform Modernization | Improving,https://www.improving.com/expertise/data/data-platform-modernization/,,"We define a modern architecture blueprint, choosing between warehouse, data lake, or lakehouse based on analytics goals and technology alignment. Designs follow best practices like Azure’s Well-Architected Framework and include governance, cost, and security considerations. ... We implement cloud-native data platforms, migrating data workloads and building new pipelines with tools like Azure Data Factory or dbt.",
groupa-eaebb3,GroupA,Accenture and AWS Accelerate AI-Powered Reinvention and Cloud Modernization for Public Service Organizations,https://newsroom.accenture.com/news/2025/accenture-and-aws-accelerate-ai-powered-reinvention-and-cloud-modernization-for-public-service-organizations,,"Accenture today announced an expansion of its collaboration with Amazon Web Services (AWS) to deliver transformative digital services to public sector, defense and national security organizations.",
groupa-eaebb3,GroupA,Top Platform Modernization Companies for Enterprises,https://www.classicinformatics.com/blog/top-platform-modernization-companies-for-enterprises,,"Typical Client Use Cases: Clients in healthcare, finance, and logistics engage ModLogix for migrating legacy .NET and Visual FoxPro applications to modern frameworks. Why Businesses Choose Them: ModLogix is valued for its technical proficiency, agile delivery, and ability to handle complex migrations with minimal business disruption. Methodologies and Frameworks: They utilize Scrum and Kanban agile frameworks, emphasizing iterative development and close client collaboration. Innowise Group is a full-cycle software development company with a strong focus on legacy system modernization and cloud transformation.",
groupa-eaebb3,GroupA,Platform Modernization | Legacy System Modernization | Altimetrik,https://www.altimetrik.com/services/platform-modernization,,"Update legacy systems with Altimetrik's platform modernization services. We leverage cloud, microservices, and DevOps to drive innovation and business agility. Get a free consultation!",
hireclout-aa43c9,HIRECLOUT,Blog -HIRECLOUT,https://hireclout.com/blog/,,"Momentum in MotionSeries: Part 1 – Leadership Readiness. Jan 02, 2026. Read.",
hireclout-aa43c9,HIRECLOUT,HIRECLOUT| LinkedIn,https://am.linkedin.com/company/hireclout,,"HIRECLOUT| We Build RelationshipsHIRECLOUTis the premier tech and Go-To-Market recruiting firm specializing in Executive Leadership, Technology, Product, and IT roles.",
hireclout-aa43c9,HIRECLOUT,Investor Connect - Avetis Antaplyan ofHIRECLOUT- Investor Connect,https://investorconnect.org/investor-connect-avetis-antaplyan-of-hireclout-2/,,"In this episode, Hall welcomes Avetis Antaplyan, Founder & CEO ofHIRECLOUT. Headquartered in Los Angeles, California,HIRECLOUTis a technology recruiting and consulting firm focused on building relationships that deliver results.",
hireclout-aa43c9,HIRECLOUT,"FionicsHirecloutJobs, Employment in Remote | Indeed.com",https://www.indeed.com/q-fionics-hireclout-l-remote-jobs.html,,"11 FionicsHirecloutjobs available in Remote on Indeed.com. Apply to Senior Trader, China Markets $1mm-$50mm Cta Startup Allocation (newFunds), Trader and more!",
hireclout-aa43c9,HIRECLOUT,HIRECLOUTSenior Technical Recruiter Interview Questions | Glassdoor,"https://www.glassdoor.com/Interview/HIRECLOUT-Senior-Technical-Recruiter-Interview-Questions-EI_IE1006353.0,9_KO10,36.htm",,Free interview details posted anonymously byHIRECLOUTinterview candidates.Interviews atHIRECLOUT. Experience. Negative100%.,
hireclout-aa43c9,HIRECLOUT,"Hireclout - Overview, News & Similar companies | ZoomInfo.com",https://www.zoominfo.com/c/hireclout/369283406,,"Product Launch: Get notified when Hireclout launches new products · Check if Hireclout has recently received funding, and reach out quickly before it becomes old news! Website visits: Recent activity has been detected on your website · Hireclout, which may be a good buyer, showed buying intent in Masked Content Topic · Earning: See what the market has to say on Hireclout recently announced ...",
hireclout-aa43c9,HIRECLOUT,HIRECLOUT - Crunchbase Company Profile & Funding,https://www.crunchbase.com/organization/hireclout,,"Access a complete feed of recent news and press, from product launches to leadership changes. obfuscated · Register for Free · Technology · View Tech Report · 2,224 · -21.39% in past month · $1.2M · This year, HIRECLOUT is projected to spend · $1.2M on IT, according to Aberdeen.",
hireclout-aa43c9,HIRECLOUT,FREQUENTLY ASKED QUESTIONS - HIRECLOUT,https://hireclout.com/faq/,,"August 18, 2025 -What makes HIRECLOUT different from other recruiting firms? We combine deep market expertise with a retention-focused model. ... Our customized service models give you speed, insight, and flexibility without compromising quality and fit. ... Each search begins with a Discovery Call to understand your hiring goals and team needs. Then we launch a targeted search, providing curated candidate submissions with detailed write-ups.",
hireclout-aa43c9,HIRECLOUT,Our Services - HIRECLOUT,https://hireclout.com/our-services/,,"October 30, 2025 -Explore our Elite Scale service, designed for companies making multiple specialized Tech & GTM hires. With a dedicated team, we conduct custom market analyses and launch targeted recruitment campaigns.",
hireclout-aa43c9,HIRECLOUT,HIRECLOUT Reviews - Great Recruiters,https://app.greatrecruiters.com/companies/hireclout,,"5000 Fastest Growing Companies list, awarded the Inc. Power Partner Award, and consistently ranked among Great Recruiters' top-rated firms, we deliver exceptional value through permanent placements, consulting, and strategic staffing solutions. Let’s connect—www.hireclout.com | [email protected].",
hireclout-aa43c9,HIRECLOUT,HIRECLOUT hiring Full Stack Engineer (4585) in City of ... - LinkedIn,https://www.linkedin.com/jobs/view/full-stack-engineer-4585-at-hireclout-4381517480,,"Referrals increase your chances of interviewing atHIRECLOUTby 2x Get notified about new Full Stack Engineer jobs in City of Industry, CA.",
hireclout-aa43c9,HIRECLOUT,Sr. DevOps Engineer (4583) - HIRECLOUT,https://jobs.hireclout.com/jobs/sr-devops-engineer-4583-4583/,,"Apply for Sr. DevOps Engineer (4583) atHIRECLOUT. Discover full role details, key responsibilities, and how to apply. Take the next step in your career today.",
hireclout-aa43c9,HIRECLOUT,HIRECLOUT Jobs - JoinDevOps,https://jobs.joindevops.com/companies/hireclout-6894297,,"Full-time • City of Industry, CA, US • $150,000 / year",
hireclout-aa43c9,HIRECLOUT,HIRECLOUT: Tech Recruiting and Consulting firm,https://hireclout.com/,,"June 29, 2020 -Offering tech recruiting, GTM recruiting, or a combination of both. Tailored solutions for seamless talent acquisition and market expansion.",
hireclout-aa43c9,HIRECLOUT,Why AI Needs Guardrails in Enterprise Systems - HIRECLOUT,https://hireclout.com/blog/ai-guardrails-enterprise-systems/,,"1 week ago -Instead of seat-based subscriptions, more platforms are shifting toward usage and outcome-based pricing models. This shift requires leaders who understand both technology and business outcomes. It is another reason organizations increasingly look to firms like HIRECLOUT when building leadership teams that can operate effectively in modern tech environments.",
hireclout-aa43c9,HIRECLOUT,HIRECLOUT: Leading AI-Powered Tech Recruitment Solutions,https://globalradiancereview.com/feature/hireclout-innovating-tech-recruitment,,"One of HIRECLOUT's most recent innovations is the development of anAI-powered technical interview platform. This platform streamlines the candidate evaluation process by assessing technical skills, communication abilities, problem-solving capabilities, and cultural fit.",
hireclout-aa43c9,HIRECLOUT,Jobs - HIRECLOUT,https://jobs.hireclout.com/,,"August 15, 2025 -Job Title:Senior DevOps EngineerRole OverviewWe are partnering with a well-established consumer products and eCommerce organization undergoing continued investment in modern, cloud-based digital platforms.",
hireclout-aa43c9,HIRECLOUT,HIRECLOUT: AI-Powered Tech Recruiting That Scales with Precision | Global Radiance Review,https://globalradiancereview.com/feature/hireclout-ai-tech-recruitment-innovation,,"July 9, 2025 -One of HIRECLOUT's most recent innovations is the development of anAI-powered technical interview platform. This platform streamlines the candidate evaluation process by assessing technical skills, communication abilities, problem-solving ...",
kinetiq-ea0f39,KINETIQ,Kinetiq Announces Ihype Launch With Hyperion Defi As First Institutional Depositor,https://menafn.com/1109929691/Kinetiq-Announces-Ihype-Launch-With-Hyperion-Defi-As-First-Institutional-Depositor,2025-08-14T10:31:00+00:00,"Kinetiq (the""Company"") is proud to announce that iHYPE is now live, with Hyperion DeFi, Inc. as its first institutional depositor. This marks a major milestone for institutional access to Hyperliquid's DeFi ecosystem. iHYPE (""Kinetiq-staked HYPE for ...",
kinetiq-ea0f39,KINETIQ,Kinetiq Unveils Launch: The First Exchange-as-a-Service (EaaS) Platform for the Hyperliquid Ecosystem,https://www.manilatimes.net/2025/07/31/tmt-newswire/globenewswire/kinetiq-unveils-launch-the-first-exchange-as-a-service-eaas-platform-for-the-hyperliquid-ecosystem/2159957,2025-07-31T00:00:00+00:00,"Kinetiq (the ""Company"") is pleased to announce Launch, the first Exchange-as-a-Service (EaaS) platform purpose-built for the Hyperliquid ecosystem. Launch enables ...",
kinetiq-ea0f39,KINETIQ,Hyperion DeFi Purchases Additional $5 Million in HYPE for Kinetiq iHYPE Strategy,https://www.nasdaq.com/press-release/hyperion-defi-purchases-additional-5-million-hype-kinetiq-ihype-strategy-2025-07-28,2025-07-28T12:00:00+00:00,"LAGUNA HILLS, Calif., July 28, 2025 (GLOBE NEWSWIRE) -- Hyperion DeFi, Inc. (NASDAQ: HYPD) (""Hyperion DeFi"" or the ""Company""), today announced that it has acquired an additional 108,594 HYPE tokens, expanding its total holdings to 1,535,772 HYPE ...",
kinetiq-ea0f39,KINETIQ,Kinetiq Announces Ihype: Institutional Staking Product For Hyperliquid (HYPE Token),https://menafn.com/1109697720/Kinetiq-Announces-Ihype-Institutional-Staking-Product-For-Hyperliquid-HYPE-Token,2025-06-19T02:30:00+00:00,"NEW YORK, June 19, 2025 (GLOBE NEWSWIRE) -- Kinetiq (the""Company"") is pleased to announce the development of iHYPE, a dedicated institutional liquid staking product designed to meet rapidly growing institutional interest in HYPE, the native token of ...",
kinetiq-ea0f39,KINETIQ,Kinetiq and NLogic partner to magnify TV ad insights,https://mediaincanada.com/2025/05/22/kinetiq-nlogic-tv/,2025-05-22T00:00:00+00:00,"Kinetiq and NLogic, a Canadian provider of ad and audience data solutions, have formed a partnership that will provide TV ad data to NLogic's Spots offerings, including Spots Monitor - a new tool that adds real-time, customizable insights to ...",
kinetiq-ea0f39,KINETIQ,Innovid Bolsters Cross-Platform TV Dataset with Kinetiq Integration,https://markets.businessinsider.com/news/stocks/innovid-bolsters-cross-platform-tv-dataset-with-kinetiq-integration-1031955565,2022-12-06T09:30:00+00:00,"Linear Local, National & Global Ad-Occurrence Data, Combined with Second-by-Second CTV Ad Impressions, Establishes Scalable Source of Real-Time Converged TV Airings NEW YORK, Dec. 6, 2022 /PRNewswire/ -- Innovid (NYSE: CTV) today announced a partnership ...",
kinetiq-ea0f39,KINETIQ,Kinetiq: HyperEVM Liquid Staking - What You Need to Know,https://alearesearch.io/newsletters/kinetiq-hyperevm-liquid-staking,,"Kinetiqwas founded in late 2024 by a team active in the Hyperliquid community andraised$1.75M in seedfundingfrom investors within the Hyperliquid ecosystem.Kinetiq'sflagship product is kHYPE, a non‑custodial LST. Users deposit HYPE and receive kHYPE, which represents staked HYPE and automatically accrues staking yield.",
kinetiq-ea0f39,KINETIQ,"Kinetiq price today, KNTQ to USD live price, marketcap and chart ...",https://coinmarketcap.com/currencies/kinetiq/,,"The liveKinetiqprice today is $0.1479 USD with a 24-hour trading volume of $543,694.91 USD. We update our KNTQ to USD price in real-time.",
kinetiq-ea0f39,KINETIQ,"Kinetiq(KNTQ)FundingRounds, Token Sale Review... | CryptoRank.io",https://cryptorank.io/ico/kinetiq,,"Discover fundraising information:FundingRounds, return oninvestment(ROI), prices of investors, andfundsraisedbyKinetiq(KNTQ). Review the white paper, team, and financial overview.",
kinetiq-ea0f39,KINETIQ,"KinetiqFunding, Valuation, AmountRaised& Investors | Messari",https://messari.io/project/kinetiq/fundraising,,"Kinetiqis a liquid staking protocol on Hyperliquid that autonomously delegates HYPE to high-performing validators based on performance and decentralization metrics, aiming to maximize yield and enhance network security.AmountRaised. 1 Rounds. 42 Investors.",
kinetiq-ea0f39,KINETIQ,"Kinetiq-Funding, Financials, Valuation & Investors",https://www.crunchbase.com/organization/kinetiq-92be/company_financials,,Funding.Kinetiqhasraised1 round.Total number ofinvestmentfirms and individual investors. Announced Date: Date that theFundingRound was publicly announced. Transaction Name: Auto-generated name of transaction (e.g. Angel - Uber).,
kinetiq-ea0f39,KINETIQ,IntroducingKinetIQ- Humanoid,https://thehumanoid.ai/introducing-kinetiq/,,"IntroducingKinetIQToday we’re introducingKinetIQ, Humanoid’s own AI framework for end-to-end orchestration of humanoid robot fleets across industrial, service, and home applications.",
kinetiq-ea0f39,KINETIQ,"Yesterday welaunchedKinetIQ, our own AI framework for...",https://www.linkedin.com/posts/artem-sokolov-s_yesterday-we-launched-kinetiq-our-own-ai-activity-7425550230185537536-NAFU,,"KinetIQis our way of addressing that challenge. WithKinetIQ, wheeled and bipedal robots can operate under a single shared “brain,” coordinating tasks in industrial, service, and home settings.",
kinetiq-ea0f39,KINETIQ,"Hyperion DeFiAnnouncesReceipt ofKinetiqAirdrop, Partnership...",https://investingnews.com/hyperion-defi-announces-receipt-of-kinetiq-airdrop-partnership-with-native-markets-and-purchase-of-150000-additional-hype/,,"KinetiqAirdrop and Markets byKinetiqHYPE Deployment Opportunity. On the Company's Q3'25 Earnings Call held on November 13, 2025, Hyperion DeFiannouncedthat it held kPoints (""KinetiqPoints"") and anticipated being eligible for theKinetiqairdrop in Q4'25.",
kinetiq-ea0f39,KINETIQ,KinetiqFDV above ___ one day afterlaunch? | Polymarket,https://polymarket.com/event/kinetiq-fdv-above-one-day-after-launch,,"To trade on ""KinetiqFDV above ___ one day afterlaunch?,"" browse the 8 available outcomes listed on this page. Each outcome displays a current price representing the market's implied probability.",
kinetiq-ea0f39,KINETIQ,Kinetiqunveils tokenomics and airdrop of the new... | MEXC News,https://www.mexc.com/news/kinetiq-unveils-tokenomics-and-airdrop-of-the-new-kntq-governance-token/139976,,Kinetiqhas unveiled the KNTQ governance token as it moves to formalise governance for its liquid stakingproductsand ecosystem. Thelaunchdetails were published alongside the project’s tokenomics and an airdrop schedule.,
kinetiq-ea0f39,KINETIQ,Kinetiq– IT &EngineeringRecruitment,https://kinetiqpartners.com/,,"AtKinetiq, we deliver results with speed, intelligence, and precision, empowering businesses and professionals to thrive in a fast-paced world.People Strategy & Fractional HR. Build yourteamfrom the inside out. We offer executive-level support without the overhead of a full-timehire.",
kinetiq-ea0f39,KINETIQ,KINETIQ| LinkedIn,https://www.linkedin.com/company/kinetiqpartners,,"AtKinetiq, we combine agility with expertise to redefine recruitment inEngineering, IT, and AI.With our smart, data-backed processes and understanding of AI-driven and technical roles, everyhirewe make is a leap forward for yourteam’s success.",
kinetiq-ea0f39,KINETIQ,"JobToRob | Robonews |KINETIQ, THE FRAMEWORK THAT FINALLY...",https://jobtorob.com/kinetiq-framework-interview-robot-orchestrator,,KinetIQ: an interview with the framework that became the 'CEO' of a robot fleet.KinetIQis a single AI model that can control different morphologies and end-effector designs. | Source: Humanoid.,
kinetiq-ea0f39,KINETIQ,Meltwater Delay in Podcast content fromKinetiq— May 2025 | IsDown,https://isdown.app/status/meltwater/incidents/386560-delay-in-podcast-content-from-kinetiq,,OurEngineeringteamhas resolved the underlying issue affecting theKinetiqPodcast content delay. We are currently confirming with the provider whether any backfill is required for the impacted period. We will continue to monitor and provide updates accordingly.,
kinetiq-ea0f39,KINETIQ,Platform–Kinetiq,https://kinetiq.tv/platform/,,"Kinetiqputs your brand presence in context so you can take action. With full API and variable data outputs, and automated TV triggers, you can capitalize on minute-to-minute opportunities. Turn data into action and orchestrate strategic, integrated, and highly personalized campaigns.",
kinetiq-ea0f39,KINETIQ,"Today we’re introducingKinetIQ, our own AI framework for end-to-end...",https://www.linkedin.com/posts/humanoidai_today-were-introducing-kinetiq-our-own-activity-7425148445176373248-2O3P,,"WithKinetIQ, a single system can coordinate robots with different embodiments — wheeled and bipedal — across industrial, service, and home environments.KinetIQmanages both fleet-level operations and individual robot behaviour within one multi-layer architecture.",
kinetiq-ea0f39,KINETIQ,From Fleet to Joint: Inside Humanoid’sKinetIQ... | Humanoids Daily,https://www.humanoidsdaily.com/news/from-fleet-to-joint-inside-humanoid-s-kinetiq-physical-ai-framework,,"KinetIQoperates through a cross-timescale architecture. Rather than relying on a single, massive model to handle everything from logistics planning to joint torque, Humanoid has bifurcated the ""brain"" into four distinct layers that operate simultaneously.",
kinetiq-ea0f39,KINETIQ,KinetIQAI Framework: Orchestrating Humanoid Robot... - SuperGok,https://supergok.com/kinetiq-ai-framework-humanoid-robot-fleets/,,"KinetIQcan be described as an AI framework that orchestrates the end-to-end operation of humanoid robot fleets, capable of controlling multiple robotplatformsand optimisingoptimising their behaviour both independently and together.",
mindfield-resources-a455f5,Mindfield Resources,MindfieldResources| LinkedIn,https://in.linkedin.com/company/mindfield-resources,,"MindfieldResources. Staffing and Recruiting. Dubai, UAE 322,667 followers.",
mindfield-resources-a455f5,Mindfield Resources,MindfieldResourcesCareers (2026) - Bayt.com,https://www.bayt.com/en/company/mindfield-resources-1640272/,,"Atmindfieldwe love to engage on projects wherein the need is to drive change or diversity agendas. Since 2000 we have personally driven the Saudization drive for multiple clients across Junior to Senior level,. Have delivered on nationality and Gender Diversity agendas for clients.",
mindfield-resources-a455f5,Mindfield Resources,"Employer Recruitment Solutions,Resourcesfor Cost-Effective Hiring",https://mindfieldjobs.com/,,"Mindfieldspecializes in solving your toughest recruitment problems. Whether you need skilled talent sourcing and staffing or recurring hyper-specific roles, our recruiters can find these candidates.",
mindfield-resources-a455f5,Mindfield Resources,MINDFIELDRESOURCESINDIA PRIVATE LIMITED... | Zauba Corp,https://www.zaubacorp.com/company/MINDFIELD-RESOURCES-INDIA-PRIVATE-LIMITED/U74999DL2013PTC255795,,"MindfieldResourcesIndia Private Limited's Annual General Meeting (AGM) was last held on 31 December 2020 and as per records from Ministry of Corporate Affairs (MCA), its balance sheet was last filed on 31 March 2020.Trade Payables. CurrentInvestments. Inventories.",
mindfield-resources-a455f5,Mindfield Resources,MindfieldResourcesjobs in the UAE | Jobted.ae,https://www.jobted.ae/mindfield-resources-jobs,,Search and apply for the latestMindfieldResourcesjob vacancies in the UAE on Jobted.ae.,
mindfield-resources-a455f5,Mindfield Resources,"Mindfield Resources - Overview, News & Similar companies | ZoomInfo.com",https://www.zoominfo.com/c/mindfield-resources/345840776,,Product Launch: Get notified when Mindfield Resources launches new products · Website visits: Recent activity has been detected on your website · Competitive Alert! Recent activity has been detected by your competitor Masked Content · Earning: See what the market has to say on Mindfield Resources recently announced ...,
mindfield-resources-a455f5,Mindfield Resources,Mindfield Resources Blog - Latest Industry Insights,https://www.mindfieldresources.com/blog/page/2/,,"June 2, 2025 -Our Client Our client is a niche higher-education institution in Dubai preparing to launch later this year.",
mindfield-resources-a455f5,Mindfield Resources,Senior Project Manager | Dubai United Arab Emirates | Education - Mindfield Resources,https://www.mindfieldresources.com/job/senior-project-manager-dubai-united-arab-emirates-education/,,"January 21, 2026 -Our Client Our client is a niche higher-education institution in Dubai preparing to launch later this year. As a new entrant to the market, the college is assembling a founding leadership team to support a successful and high-quality market entry within the UAE’s regulated education environment.",
mindfield-resources-a455f5,Mindfield Resources,Mindfield | LinkedIn,https://ca.linkedin.com/company/mindfieldjobs,,"Mindfield | 4,450 followers on LinkedIn. Outsourced recruitment solutions for hourly employers. Over 130k hires made. | Employee Recruitment Made Simple. Discover a Smarter Way to Recruit for Manufacturing, Retail, Hospitality, Industrial and other sectors. We offer streamlined and effective ...",
mindfield-resources-a455f5,Mindfield Resources,About Us | Mindfield Resources | Expert HR Solutions,https://www.mindfieldresources.com/about-us/,,"June 20, 2025 -The Partner Director of Mindfield,Samuel Varghese, is a specialist in Executive Search with 15 years of comprehensive search experience. He manages a wide array of Executive Search operations, including CxO, Finance, IT, Engineering, Quality, Supply Chain, and Project Staffing.",
mindfield-resources-a455f5,Mindfield Resources,Best Recruitment Agencies in UAE | Mindfield Resources,https://www.mindfieldresources.com/,,"October 18, 2016 -Looking for top recruitment agencies in UAE? Mindfield Resources offers expert staffing and HR solutions tailored to your business needs. Contact us today!",
mindfield-resources-a455f5,Mindfield Resources,"Explore Ongoing, Flexible RPO Solutions | Mindfield Jobs",https://mindfieldjobs.com/solutions/ongoing-recruitment-process-outsourcing-rpo/,,"September 24, 2024 -Save software and salary costs with Mindfield’s new-age tech stack and expert recruiters ... Our Ongoing RPO solution is designed for organizations with specific long-term recruitment needs that traditional recruitment solutions like Indeed or staffing agencies may not solve. Here are the common scenarios we help with. ... For TA teams tasked with staffing jobs in remote locations, and the general population cannot serve the number of jobs available.",
mindfield-resources-a455f5,Mindfield Resources,M&A Advisors Guide Mega Deal Between Brands for Less and TJX | Mindfield Resources,https://www.mindfieldresources.com/brands-for-less-tjx-ma-advisors-deal/,,"June 18, 2025 -As the partnership progresses, the market is expected to see new developments in product variety, customer experience, and regional expansion. Both Brands for Less and TJX are poised to benefit from a shared vision of offering value-driven fashion and home products to consumers. At Mindfield Resources, we are committed to supporting organizations through key stages of their growth journeys, ensuring that they capitalize on opportunities for strategic expansion.",
mindfield-resources-a455f5,Mindfield Resources,"General Manager | Erbil, IRaq | Home and Industrial Construction Equipment - Mindfield Resources",https://www.mindfieldresources.com/job/general-manager-erbil-iraq-home-and-industrial-construction-equipment/,,"2 weeks ago -Our Client A well established and diversified conglomerate has signed an exclusive franchise and distribution agreement with a global top-tier Chinese construction machinery OEM to represent the brand across Iraq. This is a greenfield leadership mandate, reporting directly to the Chairman, to build and scale a profitable national heavy equipment platform from the ground up.",
mindfield-resources-a455f5,Mindfield Resources,Leading Recruitment Agency in Dubai | Mindfield Resources,https://www.mindfieldresources.com/services-top-recruiting-agency-in-uae/,,"June 20, 2025 -Organizations can witness particular needs coming up from time to time due to a range of factors, including new market expansion, takeovers, new business lines, transitions within the business, etc. As a result, we at Mindfield have successfully executed a large number of projects across industries that have been customized to meet the client’s requirements and deliver the expected results within a specified time period.",
mindfield-resources-a455f5,Mindfield Resources,Mindfield Resources Consultancy FZ-LLC- Company Details on ZAWYA,https://www.zawya.com/company/5068319189/mindfield,,Multiply your reach by contributing your content to LSEGLSEG contributed content reaches tens of thousands of buy and sell side professionals around the world through an integrated suite of market intelligence and transaction platforms.,
mindfield-resources-a455f5,Mindfield Resources,Commercial Lead | Dubai | Healthcare and Medical Services - Mindfield Resources,https://www.mindfieldresources.com/job/commercial-lead-dubai-healthcare-and-medical-services/,,"December 17, 2025 -Our Client Our client is a well-established healthcare group with a strong track record of scaling with precision and purpose. They are now entering an exciting new phase of growth,building a dental services platform across the UAE under a dynamic leadership team.",
sapientrazorfish-611d31,SapientRazorfish,Razorfish (company) - Wikipedia,https://en.wikipedia.org/wiki/Razorfish_(company),,"October 27, 2025 -In 2016, Razorfish merged with SapientNitro to form SapientRazorfish, led by former SapientNitro CEO Alan Wexler, who also became Co-CEO of Publicis.",
sapientrazorfish-611d31,SapientRazorfish,Sapient Razorfish - Crunchbase Company Profile & Funding,https://www.crunchbase.com/organization/sapient-razorfish,,"Growth Score - The measure of growth based on company activity, operational metrics, and investments · Growth Trend - The change in the growth score over the given time period · Heat Score - The measure of the market interest, media activity, and Crunchbase profile activity · Heat Trend - The change in the heat score over the given time period ... A new breed of transformation partner designed to help companies reimagine their business through radical customer-centricity. ... SapientRazorfish’s heritage of digital pioneering offers their clients a unique advantage in the world of digital transformation across marketing, digital and strategy consulting and technology services.",
sapientrazorfish-611d31,SapientRazorfish,"Razorfish Stock Price, Funding, Valuation, Revenue & Financial Statements",https://www.cbinsights.com/company/razorfish/financials,,"Razorfish's deal structure is available for 2 funding rounds, including their Acquired from August 09, 2009. ... Razorfish has 4 investors. SapientRazorfish invested inRazorfish's Merger funding round.",
sapientrazorfish-611d31,SapientRazorfish,"SapientRazorfish Portfolio Investments, SapientRazorfish Funds, SapientRazorfish Exits",https://www.cbinsights.com/investor/sapientrazorfish,,"SapientRazorfish was formed from the 2016 merger between SapientNitro and Razorfish, both Publicis Groupe companies. ... Submit your portfolio details now to be considered in our investor rankings.",
sapientrazorfish-611d31,SapientRazorfish,"SapientRazorfish’s Competitors, Revenue, Number of Employees, Funding, Acquisitions & News - Owler Company Profile",https://www.owler.com/company/sapientrazorfish,,"SapientRazorfish’s Profile, Revenue and Employees. SapientRazorfish is a digital marketing agency that provides strategy, design, development and implementation of technology platforms for businesses. SapientRazorfish’s primary competitors include Beyondcurious, Astound Commerce, Jack Morton ...",
sapientrazorfish-611d31,SapientRazorfish,WWW.PUBLICISGROUPE.COM Publicis.Sapient Launches New Enterprise Business,https://www.publicisgroupe.com/sites/default/files/press-release/SapientRazorfish_160317_EN_Final.pdf,,"The integration of SapientRazorfish, part of Publicis.Sapient, now culminates with the launch of a new",
sapientrazorfish-611d31,SapientRazorfish,"SapientRazorfish - Overview, News & Similar companies | ZoomInfo.com",https://www.zoominfo.com/c/sapientrazorfish/1122668430,,Earning: See what the market has to say on SapientRazorfish recently announced quarterly report · Product Launch: Get notified when SapientRazorfish launches new products,
sapientrazorfish-611d31,SapientRazorfish,Publicis.Sapient Launches New Enterprise Business Transformation Offering | Publicis Groupe,https://www.publicisgroupe.com/en/news/press-releases/publicissapient-launches-new-enterprise-business-transformation-offering,,"Publicis Groupe [Euronext Paris: FR0000130577, CAC40] today unveiled a new set of integrated offerings from SapientRazorfish designed to help clients transform their businesses in the connected world.",
sapientrazorfish-611d31,SapientRazorfish,News | SapientRazorfish,http://origin-qa3.razorfish.com/news,,Press Release · SapientRazorfish ... need to think about how to democrati… https://t.co/51Yn6i1F29 · Publicis Sapient ·March 28· How to innovate on existing products and services?...,
sapientrazorfish-611d31,SapientRazorfish,"SapientRazorfish Company Overview, Contact Details & Competitors | LeadIQ",https://leadiq.com/c/sapientrazorfish/5a1d95bd2300005a00846865,,"As of August 2025, SapientRazorfish has approximately 10K employees across 6 continents, including North AmericaAsiaEurope. Key team members include Chief Strategy And Innovation Officer: A. H.Chief Manager: S. S.Vice President Client Services: S.",
sapientrazorfish-611d31,SapientRazorfish,SapientRazorfish NYC Jobs + Careers | Built In NYC,https://www.builtinnyc.com/company/sapientrazorfish/jobs,,Explore jobs and careers at SapientRazorfish in NYC. SapientRazorfish is currently hiring for a range of positions.,
sapientrazorfish-611d31,SapientRazorfish,Keeping Track of Growth at SapientRazorfish,https://profilemagazine.com/2018/kristina-palmer-shedd-sapientrazorfish/,,"June 12, 2021 -Since she joined Sapient more than a decade ago,Kristina Palmer Sheddhas been involved in talent acquisition at every level of the organization, from executive hiring to staffing technology teams.",
sapientrazorfish-611d31,SapientRazorfish,SapientRazorfish Cover Letter - AutoApplier,https://get.autoapplier.com/company/sapientrazorfish,,"Dear SapientRazorfish Hiring Team, As a passionate Software Engineer with 2 years of experience and I'd love to join your team, as seen on your Career page. In my current position I have aided in saving over $100k in administrative expenses over the last year and now I'm excited to continue my journey by contributing and growing at SapientRazorfish.",
sapientrazorfish-611d31,SapientRazorfish,How We Work: How SapientRazorfish Emerged From A Merger Stronger Than Ever - Hypepotamus,https://hypepotamus.com/companies/how-we-work-sapientrazorfish/,,"April 19, 2018 -Now with more than 12,000 employees and 70 offices around the globe, SapientRazorfish has to be intentional about recruiting the right people to fit into their service-oriented agency. By promoting a feedback-based culture through multi-day onboarding sessions, King and the team add a personal touch to an often-faceless process.",
sapientrazorfish-611d31,SapientRazorfish,SapientNitro and Razorfish merge to formSapientRazorfish...,https://www.publicisgroupe.com/en/news/press-releases/sapientnitro-and-razorfish-merge-to-form-sapientrazorfish-establishes-unmatched-leader-against-emerging-customer-experience-digital-first-imperative,,"“By creatingSapientRazorfish, and by implementing a more integrated management structure, we are combining the very best digital and technology assets in one combined unit,” continued Herrick. “SapientNitro and Razorfish have been clear market leaders since the invention of digital.",
sapientrazorfish-611d31,SapientRazorfish,SapientRazorfish| LinkedIn,https://www.linkedin.com/company/sapientrazorfish,,"SapientRazorfish| 163,515 followers on LinkedIn. Hello, current, past, and prospective employees and clients!",
sapientrazorfish-611d31,SapientRazorfish,SapientRazorfish| Implementation Partner | CoreMedia CMS,https://www.coremedia.com/partners/sapientrazorfish,,"SapientRazorfish, part of Publicis.Sapient, is a new breed of transformation partner with more than 12,000 people and 70 offices around the globe.",
sapientrazorfish-611d31,SapientRazorfish,Publicis.Sapient revealsSapientRazorfishpositioning... | Campaign Asia,https://www.campaignasia.com/article/publicis-sapient-reveals-sapientrazorfish-positioning-apac-head/9cskpr9ttqmhqndc2p1m6dbrvs,,"Publicis.Sapient'sSapientRazorfishnetwork has a revealed a new logo, a new APAC leader and a list of six core offerings that adds a wee bit more detail to the role the network is intended to play for brands.Customer experience. Data and artificial intelligence. Marketingmodernization.",
sapientrazorfish-611d31,SapientRazorfish,SapientRazorfish& Digitas Recognized as Leaders | Publicis Sapient,https://www.publicissapient.com/news/named-a-leader-in-gartners-2018-magic-quadrant,,"As part of the Publicis.Sapientplatform,SapientRazorfishworks alongside Sapient Consulting to bring clients the most comprehensive set of offerings and capabilities to guide them through this challenge.",
the-carrera-agency-ed6729,The Carrera Agency,Carrera (slot car brand) - Wikipedia,https://en.wikipedia.org/wiki/Carrera_(slot_car_brand),,"January 4, 2026 -In 2006, Carrera organized its very first Carrera World Championship and another championship in 2007 until the spring of 2008. September 2007 was the start of the Carrera World Championship at the International Motor Show in Frankfurt. In 2019, the Stadelbauer GmbH has been acquired by investment group Quantum Capital Partners (QCP).",
the-carrera-agency-ed6729,The Carrera Agency,"The Carrera Agency 2026 Company Profile: Valuation, Funding & Investors | PitchBook",https://pitchbook.com/profiles/company/130669-57,,"Information on valuation, funding, cap tables, investors, and executives for The Carrera Agency. Use the PitchBook Platform to explore the full profile.",
the-carrera-agency-ed6729,The Carrera Agency,The Carrera Agency - Crunchbase Company Profile & Funding,https://www.crunchbase.com/organization/the-carrera-agency,,"The Carrera Agency is a talent management agency that specializes in information technology, digital strategy and design. ... AI Content may contain mistakes and is not legal, financial or investment advice.",
the-carrera-agency-ed6729,The Carrera Agency,"The Carrera Agency - Overview, News & Similar companies | ZoomInfo.com",https://www.zoominfo.com/c/the-carrera-agency/18648313,,"Gather financial insights about The Carrera Agency, including details on funding rounds, investors, total funding, and acquisitions, to gain a comprehensive understanding of their financial strategy.",
the-carrera-agency-ed6729,The Carrera Agency,Carrera Advertising Company Profile | Management and Employees List,https://www.datanyze.com/companies/carrera-advertising/345207295,,Tirelessly to provide our clients with decades of automotive industry knowledge and foresight to build your brand without limits. We consult. we create. ...Read More ... Carrera Advertising raised a total of$404 K in funding over 1 rounds.,
the-carrera-agency-ed6729,The Carrera Agency,Growing The Freelance Economy With A Focus On Consultants-Updated - The Carrera Agency,https://www.thecarreraagency.com/growing-the-freelance-economy-with-a-focus-on-consultants/,,"September 24, 2020 -This growing presence of digital communities focused on freelance talent doesn’t stop at the startup level. Take PriceWaterHouseCoopers for example, with their launch of a talent exchange last year, industry experts can search for consulting gigs that match their skills.",
the-carrera-agency-ed6729,The Carrera Agency,Information Technology Project Manager [Remote Job] @The Carrera Agency,https://www.remoteitjobs.app/job/the-carrera-agency-information-technology-project-manager,,"* Support Agile ways of working by coordinating across product backlogs, release planning, PI planning, and incremental delivery",
the-carrera-agency-ed6729,The Carrera Agency,"Doing Good With Big Data Projects, Examples Included - The Carrera Agency",https://www.thecarreraagency.com/doing-good-with-big-data-projects/,,"April 24, 2020 -The Polaris Project in the U.S., LaStrada International in Eastern Europe, and Liberty Asia — aided by a grant from Google, launched The Global Human Trafficking Hotline Network using big-data technology to collect, analyze, and warehouse critical information to prevent crime and disseminate information to the public. As a leader in data and analytics, Teradata is helping such organizations leverage data for good. Predicting hazardous waste violators in New York City is a daunting task for a single agency.",
the-carrera-agency-ed6729,The Carrera Agency,Home -TheCarreraAgency,https://www.thecarreraagency.com/,,"“TheCarreraAgencyhelped me find one of the best projects in my consulting career, encompassing best of both mobile and cloudtechnologies. Theirteamhas been very friendly and helpful. Thank you for making this happen!” Nayana Pise, Sr ITEngineer, Identity and Access Management.",
the-carrera-agency-ed6729,The Carrera Agency,TheCarreraAgencyhiringAutomationEngineerin Orange... | LinkedIn,https://www.linkedin.com/jobs/view/automation-engineer-at-the-carrera-agency-4370477684,,"TheCarreraAgencyOrange County, CA. Just now. Be among the first 25 applicants.Duration: 6 month contract-to-hire. Hourly Rate: $45 - $50/hr W2. Location: Orange County or Los Angeles County. Hybrid/remote, must be able to drive to either office location.",
the-carrera-agency-ed6729,The Carrera Agency,Windows ServerEngineeratTheCarreraAgency- Interlink Jobs,https://www.interlinkjobs.com/jobs/60854777-windows-server-engineer,,"Collaborate with networkengineersto ensure seamless integration between Windows servers and the network infrastructure. Document system configurations, procedures, and troubleshooting guides to facilitate knowledge sharing and maintain an up-to-date knowledge base.",
the-carrera-agency-ed6729,The Carrera Agency,TheCarreraAgencyQuestions & Answers | Glassdoor,https://www.glassdoor.com/FAQ/The-Carrera-Agency-Questions-E16159.htm,,Have questions about working atTheCarreraAgency? Find answers to questions from employees about what it's like to work atTheCarreraAgencyand theirhiringprocess.,
the-carrera-agency-ed6729,The Carrera Agency,Working atTheCarreraAgency| Glassdoor,"https://www.glassdoor.co.in/Overview/Working-at-The-Carrera-Agency-EI_IE16159.11,29.htm",,"TheCarreraAgencyis an informationtechnologyand design talent management firm providing both individual consultants and projectteamsto client companies. In addition to maintaining a network of IT talent, the company provides customized on-going searches to fill specific ... Read more.",
the-carrera-agency-ed6729,The Carrera Agency,TheCarreraAgency| LinkedIn,https://www.linkedin.com/company/the-carrera-agency,,"TheCarreraAgencyis a Talent Management Agency specializing in information technology, digital strategy and design.Only 36% believe their company is investing enough inmodernization. The winners won’t just spend more on tech; they’ll align leadership around it.",
the-carrera-agency-ed6729,The Carrera Agency,"To Build Thought Leadership, Engage Your People | byTheCarrera...",https://medium.com/swlh/to-build-thought-leadership-engage-your-people-e48d8e358dd0,,"From a relationship management and branding perspective,TheCarreraAgencyintroduced tactical employee engagement into the communication mix over the past twelve months, a vital component of the current social media strategy: building thought leadership with valuable content.",
the-carrera-agency-ed6729,The Carrera Agency,"UX, Positive Change and Togetherness: Murals are Societies Best Tool...",https://medium.muz.li/ux-positive-change-and-togetherness-murals-are-societies-best-tool-for-expression-c41c14d93a0c,,TheCarreraAgency(and Designing North Studios) thoughtfully connects clients with top technology and design talent every day.More fromTheCarreraAgencyand Muzli - Design Inspiration. Five Artists Designing an Emotional Response to Ocean Plastic. The Designing North Project.,
the-carrera-agency-ed6729,The Carrera Agency,TheCarreraAgency| BBB Business Profile | Better Business Bureau,https://www.bbb.org/us/ca/aliso-viejo/profile/employment-agencies/the-carrera-agency-1126-13190066,,"BBB Accreditation & Rating.TheCarreraAgencyis NOT a BBB Accredited Business. To become accredited, a business must agree to BBB Standards for Trust and pass BBB's vetting process.",
